1, backup_phase-11_retrained_models/step2_lot-150_trial_0043.best.h5
2, backup_phase-11_retrained_models/step2_lot-78_trial_0023.best.h5
3, backup_phase-9_retrained_models/step2_lot-123_trial_0046.best.h5
4, backup_phase-11_retrained_models/step2_lot-151_trial_0048.best.h5
5, backup_phase-10_retrained_models/step2_lot-191_trial_0001.best.h5
6, backup_phase-11_retrained_models/step2_lot-89_trial_0021.best.h5
7, backup_phase-10_retrained_models/step2_lot-144_trial_0043.best.h5
8, backup_phase-11_retrained_models/step2_lot-152_trial_0049.best.h5
9, backup_phase-11_retrained_models/step2_lot-116_trial_0012.best.h5
10, backup_phase-11_retrained_models/step2_lot-138_trial_0027.best.h5
11, backup_phase-10_retrained_models/step2_lot-185_trial_0011.best.h5
12, backup_phase-11_retrained_models/step2_lot-72_trial_0026.best.h5
13, backup_phase-11_retrained_models/step2_lot-146_trial_0046.best.h5
14, backup_phase-9_retrained_models/step2_lot-74_trial_0029.best.h5
15, backup_phase-11_retrained_models/step2_lot-92_trial_0009.best.h5
16, backup_phase-10_retrained_models/step2_lot-95_trial_0054.best.h5
17, backup_phase-11_retrained_models/step2_lot-53_trial_0032.best.h5
18, backup_phase-11_retrained_models/step2_lot-99_trial_0050.best.h5
19, backup_phase-10_retrained_models/step2_lot-147_trial_0030.best.h5
20, backup_phase-11_retrained_models/step2_lot-141_trial_0008.best.h5
21, backup_phase-11_retrained_models/step2_lot-89_trial_0025.best.h5
22, backup_phase-11_retrained_models/step2_lot-82_trial_0005.best.h5
23, backup_phase-11_retrained_models/step2_lot-116_trial_0045.best.h5
24, backup_phase-10_retrained_models/step2_lot-140_trial_0021.best.h5
25, backup_phase-11_retrained_models/step2_lot-52_trial_0001.best.h5
26, backup_phase-10_retrained_models/step2_lot-93_trial_0030.best.h5
27, backup_phase-9_retrained_models/step2_lot-160_trial_0007.best.h5
28, backup_phase-10_retrained_models/step2_lot-128_trial_0025.best.h5
29, backup_phase-10_retrained_models/step2_lot-51_trial_0011.best.h5
30, backup_phase-9_retrained_models/step2_lot-140_trial_0000.best.h5
31, backup_phase-11_retrained_models/step2_lot-45_trial_0011.best.h5
32, backup_phase-11_retrained_models/step2_lot-151_trial_0038.best.h5
33, backup_phase-11_retrained_models/step2_lot-149_trial_0025.best.h5
34, backup_phase-9_retrained_models/step2_lot-140_trial_0034.best.h5
35, backup_phase-11_retrained_models/step2_lot-167_trial_0012.best.h5
36, backup_phase-11_retrained_models/step2_lot-100_trial_0055.best.h5
37, backup_phase-11_retrained_models/step2_lot-81_trial_0042.best.h5
38, backup_phase-10_retrained_models/step2_lot-122_trial_0030.best.h5
39, backup_phase-10_retrained_models/step2_lot-151_trial_0011.best.h5
40, backup_phase-10_retrained_models/step2_lot-131_trial_0020.best.h5
41, backup_phase-11_retrained_models/step2_lot-152_trial_0024.best.h5
42, backup_phase-10_retrained_models/step2_lot-119_trial_0032.best.h5
43, backup_phase-11_retrained_models/step2_lot-130_trial_0040.best.h5
44, backup_phase-11_retrained_models/step2_lot-118_trial_0030.best.h5
45, backup_phase-10_retrained_models/step2_lot-104_trial_0016.best.h5
46, backup_phase-11_retrained_models/step2_lot-71_trial_0041.best.h5
47, backup_phase-11_retrained_models/step2_lot-41_trial_0023.best.h5
48, backup_phase-8_retrained_models/step2_lot-81_trial_0049.best.h5
49, backup_phase-10_retrained_models/step2_lot-72_trial_0059.best.h5
50, backup_phase-8_retrained_models/step2_lot-68_trial_0025.best.h5
51, backup_phase-11_retrained_models/step2_lot-152_trial_0030.best.h5
52, backup_phase-10_retrained_models/step2_lot-113_trial_0059.best.h5
53, backup_phase-11_retrained_models/step2_lot-86_trial_0045.best.h5
54, backup_phase-10_retrained_models/step2_lot-89_trial_0053.best.h5
55, backup_phase-11_retrained_models/step2_lot-75_trial_0028.best.h5
56, backup_phase-11_retrained_models/step2_lot-91_trial_0057.best.h5
57, backup_phase-11_retrained_models/step2_lot-67_trial_0003.best.h5
58, backup_phase-9_retrained_models/step2_lot-75_trial_0017.best.h5
59, backup_phase-11_retrained_models/step2_lot-96_trial_0020.best.h5
60, backup_phase-9_retrained_models/step2_lot-64_trial_0005.best.h5
61, backup_phase-9_retrained_models/step2_lot-93_trial_0010.best.h5
62, backup_phase-11_retrained_models/step2_lot-61_trial_0004.best.h5
63, backup_phase-11_retrained_models/step2_lot-49_trial_0044.best.h5
64, backup_phase-11_retrained_models/step2_lot-97_trial_0022.best.h5
65, backup_phase-9_retrained_models/step2_lot-97_trial_0055.best.h5
66, backup_phase-9_retrained_models/step2_lot-85_trial_0042.best.h5
67, backup_phase-10_retrained_models/step2_lot-100_trial_0001.best.h5
68, backup_phase-10_retrained_models/step2_lot-118_trial_0024.best.h5
69, backup_phase-10_retrained_models/step2_lot-102_trial_0010.best.h5
70, backup_phase-11_retrained_models/step2_lot-110_trial_0024.best.h5
71, backup_phase-10_retrained_models/step2_lot-107_trial_0045.best.h5
72, backup_phase-10_retrained_models/step2_lot-123_trial_0001.best.h5
73, backup_phase-11_retrained_models/step2_lot-65_trial_0007.best.h5
74, backup_phase-10_retrained_models/step2_lot-63_trial_0035.best.h5
75, backup_phase-10_retrained_models/step2_lot-108_trial_0027.best.h5
76, backup_phase-11_retrained_models/step2_lot-119_trial_0030.best.h5
77, backup_phase-11_retrained_models/step2_lot-136_trial_0054.best.h5
78, backup_phase-10_retrained_models/step2_lot-112_trial_0042.best.h5
79, backup_phase-10_retrained_models/step2_lot-57_trial_0010.best.h5
80, backup_phase-10_retrained_models/step2_lot-117_trial_0033.best.h5
81, backup_phase-10_retrained_models/step2_lot-57_trial_0053.best.h5
82, backup_phase-9_retrained_models/step2_lot-110_trial_0034.best.h5
83, backup_phase-9_retrained_models/step2_lot-62_trial_0012.best.h5
84, backup_phase-9_retrained_models/step2_lot-101_trial_0027.best.h5
85, backup_phase-11_retrained_models/step2_lot-155_trial_0051.best.h5
86, backup_phase-11_retrained_models/step2_lot-61_trial_0043.best.h5
87, backup_phase-11_retrained_models/step2_lot-146_trial_0035.best.h5
88, backup_phase-11_retrained_models/step2_lot-102_trial_0030.best.h5
89, backup_phase-10_retrained_models/step2_lot-140_trial_0043.best.h5
90, backup_phase-11_retrained_models/step2_lot-121_trial_0044.best.h5
91, backup_phase-9_retrained_models/step2_lot-83_trial_0010.best.h5
92, backup_phase-10_retrained_models/step2_lot-142_trial_0042.best.h5
93, backup_phase-10_retrained_models/step2_lot-77_trial_0020.best.h5
94, backup_phase-10_retrained_models/step2_lot-111_trial_0030.best.h5
95, backup_phase-11_retrained_models/step2_lot-178_trial_0016.best.h5
96, backup_phase-11_retrained_models/step2_lot-94_trial_0014.best.h5
97, backup_phase-10_retrained_models/step2_lot-41_trial_0025.best.h5
98, backup_phase-11_retrained_models/step2_lot-90_trial_0040.best.h5
99, backup_phase-11_retrained_models/step2_lot-97_trial_0052.best.h5
100, backup_phase-11_retrained_models/step2_lot-84_trial_0050.best.h5
101, backup_phase-11_retrained_models/step2_lot-119_trial_0046.best.h5
102, backup_phase-10_retrained_models/step2_lot-91_trial_0058.best.h5
103, backup_phase-11_retrained_models/step2_lot-55_trial_0021.best.h5
104, backup_phase-11_retrained_models/step2_lot-104_trial_0046.best.h5
105, backup_phase-9_retrained_models/step2_lot-142_trial_0049.best.h5
106, backup_phase-11_retrained_models/step2_lot-42_trial_0030.best.h5
107, backup_phase-10_retrained_models/step2_lot-55_trial_0009.best.h5
108, backup_phase-10_retrained_models/step2_lot-49_trial_0012.best.h5
109, backup_phase-11_retrained_models/step2_lot-91_trial_0022.best.h5
110, backup_phase-11_retrained_models/step2_lot-76_trial_0028.best.h5
111, backup_phase-9_retrained_models/step2_lot-104_trial_0034.best.h5
112, backup_phase-11_retrained_models/step2_lot-92_trial_0036.best.h5
113, backup_phase-11_retrained_models/step2_lot-147_trial_0022.best.h5
114, backup_phase-11_retrained_models/step2_lot-48_trial_0054.best.h5
115, backup_phase-11_retrained_models/step2_lot-150_trial_0037.best.h5
116, backup_phase-11_retrained_models/step2_lot-61_trial_0005.best.h5
117, backup_phase-11_retrained_models/step2_lot-95_trial_0036.best.h5
118, backup_phase-11_retrained_models/step2_lot-115_trial_0044.best.h5
119, backup_phase-9_retrained_models/step2_lot-45_trial_0028.best.h5
120, backup_phase-10_retrained_models/step2_lot-106_trial_0020.best.h5
121, backup_phase-11_retrained_models/step2_lot-61_trial_0050.best.h5
122, backup_phase-11_retrained_models/step2_lot-88_trial_0041.best.h5
123, backup_phase-11_retrained_models/step2_lot-103_trial_0023.best.h5
124, backup_phase-11_retrained_models/step2_lot-153_trial_0046.best.h5
125, backup_phase-11_retrained_models/step2_lot-126_trial_0034.best.h5
126, backup_phase-8_retrained_models/step2_lot-46_trial_0040.best.h5
127, backup_phase-11_retrained_models/step2_lot-131_trial_0024.best.h5
128, backup_phase-10_retrained_models/step2_lot-51_trial_0027.best.h5
129, backup_phase-9_retrained_models/step2_lot-121_trial_0033.best.h5
130, backup_phase-9_retrained_models/step2_lot-78_trial_0030.best.h5
131, backup_phase-11_retrained_models/step2_lot-112_trial_0057.best.h5
132, backup_phase-11_retrained_models/step2_lot-86_trial_0051.best.h5
133, backup_phase-10_retrained_models/step2_lot-143_trial_0050.best.h5
134, backup_phase-9_retrained_models/step2_lot-153_trial_0045.best.h5
135, backup_phase-10_retrained_models/step2_lot-108_trial_0044.best.h5
136, backup_phase-10_retrained_models/step2_lot-67_trial_0048.best.h5
137, backup_phase-7_retrained_models/step2_lot-42_trial_0007.best.h5
138, backup_phase-9_retrained_models/step2_lot-137_trial_0054.best.h5
139, backup_phase-11_retrained_models/step2_lot-146_trial_0025.best.h5
140, backup_phase-11_retrained_models/step2_lot-94_trial_0052.best.h5
141, backup_phase-11_retrained_models/step2_lot-149_trial_0007.best.h5
142, backup_phase-11_retrained_models/step2_lot-55_trial_0052.best.h5
143, backup_phase-11_retrained_models/step2_lot-82_trial_0034.best.h5
144, backup_phase-7_retrained_models/step2_lot-160_trial_0029.best.h5
145, backup_phase-10_retrained_models/step2_lot-58_trial_0029.best.h5
146, backup_phase-11_retrained_models/step2_lot-116_trial_0035.best.h5
147, backup_phase-11_retrained_models/step2_lot-73_trial_0043.best.h5
148, backup_phase-9_retrained_models/step2_lot-135_trial_0017.best.h5
149, backup_phase-9_retrained_models/step2_lot-71_trial_0036.best.h5
150, backup_phase-9_retrained_models/step2_lot-47_trial_0057.best.h5
151, backup_phase-11_retrained_models/step2_lot-130_trial_0005.best.h5
152, backup_phase-7_retrained_models/step2_lot-117_trial_0046.best.h5
153, backup_phase-6_retrained_models/step2_lot-143_trial_0033.best.h5
154, backup_phase-11_retrained_models/step2_lot-60_trial_0036.best.h5
155, backup_phase-9_retrained_models/step2_lot-63_trial_0043.best.h5
156, backup_phase-6_retrained_models/step2_lot-59_trial_0023.best.h5
157, backup_phase-11_retrained_models/step2_lot-61_trial_0027.best.h5
158, backup_phase-4_retrained_models/step2_lot-46_trial_0041.best.h5
159, backup_phase-2_retrained_models/step2_lot-160_trial_0049.best.h5
160, backup_phase-1_retrained_models/step2_lot-137_trial_0020.best.h5
